{
  "fruit": {
    "Carbon Footprint": "0.2 kg CO2e",
    "Calories": "100",
    "Origin": ["Italy", "Switzerland"]
  },
  "meat": {
    "Carbon Footprint": "10 kg CO2e",
    "Calories": "250",
    "Origin": ["USA", "Brazil"]
  },
  "vegetable": {
    "Carbon Footprint": "0.1 kg CO2e",
    "Calories": "80",
    "Origin": ["Italy", "Netherlands"]
  },
  "seafood": {
    "Carbon Footprint": "12 kg CO2e",
    "Calories": "200",
    "Origin": ["Norway"]
  },
  "grain": {
    "Carbon Footprint": "1.5 kg CO2e",
    "Calories": "150",
    "Origin": ["Thailand"]
  },
  "dairy": {
    "Carbon Footprint": "1.5 kg CO2e",
    "Calories": "100",
    "Origin": ["Germany"]
  },
  "nut": {
    "Carbon Footprint": "0.5 kg CO2e",
    "Calories": "600",
    "Origin": ["California, USA"]
  }
}
